{"pos":{"x":-5.65320348739624,"y":6.590000152587891,"z":4.974552631378174}}